{
    "imperative": {
        "Create": "Создай",
        "Update": "Обнови",
        "Delete": "Удали"
    },
    "translation": {
        "The page you are looking for isn’t here": "Страница, которую вы ищете, не существует",
        "You either tried some shady route or you came here by mistake. Whichever it is, try using the navigation.": "Возможно, вы попали сюда по неправильной ссылке. Попробуйте использовать навигацию.",
        "Back to Home": "Вернуться на главную",
        "Create": "Создать",
        "Selected currency can't be changed": "Выбранная валюта не может быть изменена",
        "Currency": "Валюта",
        "Create new wallet": "Создать новый кошелек",
        "Cancel": "Отмена",
        "Payment Type": "Тип платежа",
        "Currency rates": "Курсы валют",
        "Your wallets": "Ваши кошельки",
        "Type other answer": "Введите другой ответ",
        "View more posts": "Показать больше постов",
        "Wallets": "Кошельки",
        "Payments": "Платежи",
        "Statement": "Выписка",
        "Add contact": "Добавить контакт",
        "Contact type": "Тип контакта",
        "Contact value": "Значение контакта",
        "Blog": "Блог",
        "Profile": "Профиль",
        "Your contacts": "Ваши контакты",
        "Wallets statement": "Выписка транзакций",
        "Wallet number": "Номер кошелька",
        "No contacts yet": "Пока нет контактов",
        "Balance": "Баланс",
        "Auth": "Аутентификация",
        "Username": "Логин",
        "Current balance": "Текущий баланс",
        "Status": "Статус",
        "Delete": "Удалить",
        "Registration": "Регистрация",
        "Login": "Вход",
        "Send": "Отправить",
        "Delete Account": "Удалить аккаунт",
        "Type": "Тип",
        "Learn More": "Узнать больше",
        "Full name": "Полное имя",
        "Email address": "Адрес электронной почты",
        "Created": "Создан",
        "Change password": "Сменить пароль",
        "Login Activity": "Активность входа",
        "Basic details": "Основные сведения",
        "Device": "Устройство",
        "Password": "Пароль",
        "IP Address": "IP-адрес",
        "Date": "Дата",
        "Are you sure you want to delete your account?": "Вы уверены, что хотите удалить аккаунт?",
        "Amount": "Сумма",
        "Operation Type": "Тип операции",
        "Delete your account and all of your source data. This is irreversible.": "Удалить аккаунт и все исходные данные. Это необратимо.",
        "No wallets": "Нет кошельков",
        "Are you sure you want to delete this wallet?": "Вы уверены, что хотите удалить этот кошелек?",
        "Wallet doesn't exist": "Кошелек не существует",
        "We couldn't find the wallet you're looking for. The wallet may have been deleted": "Мы не смогли найти кошелек, который вы ищите. Кошелек может быть удален",
        "Back to Wallets": "Вернуться к кошелькам",
        "warning": "Внимание",
        "error": "Ошибка",
        "info": "Информация",
        "success": "Успех",
        "Logout": "Выход",
        "Skip": "Пропустить",
        "Start": "Начать",
        "etc": "и др.",
        "payment type": "тип платежа",
        "Template name": "Название шаблона",
        "you can use one of these templates": "Вы можете использовать один из этих шаблонов",
        "amount": "сумма",
        "wallet number": "номер кошелька",
        "Next": "Далее",
        "The template will save the fields you entered such a": "Шаблон сохранит поля, которые вы ввели, такие как",
        "Save": "Сохранить",
        "Enter a name for your template and select a color": "Введите имя для вашего шаблона и выберите цвет",
        "Finish": "Завершить",
        "How old are you?": "Сколько вам лет?",
        "What is your occupation?": "Какая у вас профессия?",
        "Do you have a higher education?": "У вас высшее образование?",
        "Which university did you study at?": "Какой университет вы закончили?",
        "How long have you been working with financial instruments?": "Сколько времени вы работаете с финансовыми инструментами?",
        "What else did you do as part of your work?": "Что еще вы делали в рамках работы?",
        "What is your annual income in dollars?": "Какой ваш годовой доход в долларах?",
        "Do you have any experience working with the exchange?": "У вас есть опыт работы с обменником?",
        "Type your answer": "Введите ответ",
        "We have received the necessary information. You can finish the survey": "Мы получили необходимую информацию. Вы можете завершить опрос",
        "Now you need to give some information about yourself. Take the survey": "Теперь вам нужно дать некоторую информацию о себе. Пройдите опрос",
        "Please answer the question": "Пожалуйста, ответьте на вопрос",
        "Answers saved. Redirect to home page after 3 seconds": "Ответы сохранены. Перенаправление на главную страницу через 3 секунды",
        "Transaction succeeded": "Транзакция выполнена",
        "Wallet number from": "Номер кошелька отправителя",
        "Wallet number to": "Номер кошелька получателя",
        "Bank Account Number": "Номер банковского счета",
        "Create template": "Создать шаблон",
        "deposit": "Пополнить",
        "withdraw": "Снять",
        "transfer": "Перевести",
        "Deposit": "Пополнение",
        "Withdraw": "Снятие",
        "Transfer": "Перевод",
        "Payments history": "История платежей",
        "No payments yet": "Пока нет платежей",
        "There were problems verifying your account via email. Contact support": "Произошли проблемы при проверке вашего аккаунта по электронной почте. Обратитесь в службу поддержки",
        "Verification was successful!": "Верификация прошла успешно!",
        "Verification failed...": "Произошла ошибка верификации...",
        "Confirm password": "Подтвердите пароль",
        "Invalid email": "Неверная адресс почты",
        "Passwords do not match": "Пароли не совпадают",
        "User with specified name already exists": "Пользователь с указанным именем уже существует",
        "Cannot find a user with specified credentials": "Невозможно найти пользователя с указанными учетными данными",
        "The template will save the fields you entered such as": "Шаблон сохранит поля, которые вы ввели, такие как",
        "Copied": "Скопировано",
        "Copy": "Скопировать",
        "Wallet number copied to clipboard": "Номер кошелька скопирован в буфер обмена",
        "Any wallet (including one of yours)": "Любой кошелёк (в т.ч. один из ваших)",
        "Success": "Успех",
        "Failed": "Прошло неудачно",
        "Error": "Ошибка",
        "Rejected": "Отклонено",
        "Pending": "В ожидании",
        "Some thing...": "Что-то..."
    }
}
